song,genre,mood,url
アンノウン・マザーグース,-,-,https://www.youtube.com/watch?v=P_CSdxSGfaA
アンハッピーリフレイン,-,-,https://www.youtube.com/watch?v=uMlv9VWAxko
ワールズエンド・ダンスホール,-,-,https://www.youtube.com/watch?v=ZB75e7vzX0I
裏表ラバーズ,-,-,https://www.youtube.com/watch?v=b_cuMcDWwsI
ローリンガール,-,-,https://www.youtube.com/watch?v=vnw8zURAxkU
とおせんぼ,-,-,https://www.youtube.com/watch?v=uxNoOPetZ6g
ずれていく,-,-,https://www.youtube.com/watch?v=e5JjR7XVtEo
積み木の人形,-,-,https://www.youtube.com/watch?v=6nrK6iTVkz4
ラインアート,-,-,https://www.youtube.com/watch?v=DXcY0HUURKw
グレーゾーンにて。,-,-,https://www.youtube.com/watch?v=hkKoaWTjVds
僕のサイノウ,-,-,https://www.youtube.com/watch?v=0aDhPfeNtwg
テノヒラ,-,-,https://www.youtube.com/watch?v=sVRGyUnOWtY
